-- 创建数据库
CREATE DATABASE IF NOT EXISTS taobao_db;
USE taobao_db;

SET FOREIGN_KEY_CHECKS = 0;
DROP TABLE IF EXISTS COMMENT;
DROP TABLE IF EXISTS LOGISTICS;
DROP TABLE IF EXISTS PAYMENT_RECORD;
DROP TABLE IF EXISTS ORDER_LINE;
DROP TABLE IF EXISTS `ORDER`;
DROP TABLE IF EXISTS SHOPPING_CART;
DROP TABLE IF EXISTS ITEM;
DROP TABLE IF EXISTS CATEGORY;
DROP TABLE IF EXISTS MERCH;
DROP TABLE IF EXISTS CUSTOMER;
SET FOREIGN_KEY_CHECKS = 1;

-- 1. 客户表
CREATE TABLE CUSTOMER (
    cust_id INT PRIMARY KEY,
    name VARCHAR(50),
    phone VARCHAR(20)
);

-- 2. 商家表（ITEM 中 merch_id 引用）
CREATE TABLE MERCH (
    merch_id INT PRIMARY KEY,
    merch_name VARCHAR(100)
);

-- 3. 商品分类表
CREATE TABLE CATEGORY (
    cat_id INT PRIMARY KEY,
    cat_name VARCHAR(50)
);

-- 4. 商品表
CREATE TABLE ITEM (
    item_id INT PRIMARY KEY,
    merch_id INT,
    item_name VARCHAR(100),
    price FLOAT,
    FOREIGN KEY (merch_id) REFERENCES MERCH(merch_id)
);

-- 5. 购物车表
CREATE TABLE SHOPPING_CART (
    cart_id INT PRIMARY KEY,
    cust_id INT,
    item_id INT,
    FOREIGN KEY (cust_id) REFERENCES CUSTOMER(cust_id),
    FOREIGN KEY (item_id) REFERENCES ITEM(item_id)
);

-- 6. 订单主表
CREATE TABLE `ORDER` (
    order_id INT PRIMARY KEY,
    cust_id INT,
    amount FLOAT,
    FOREIGN KEY (cust_id) REFERENCES CUSTOMER(cust_id)
);

-- 7. 订单明细表
CREATE TABLE ORDER_LINE (
    line_id INT PRIMARY KEY,
    order_id INT,
    item_id INT,
    FOREIGN KEY (order_id) REFERENCES `ORDER`(order_id),
    FOREIGN KEY (item_id) REFERENCES ITEM(item_id)
);

-- 8. 支付记录表
CREATE TABLE PAYMENT_RECORD (
    pay_id INT PRIMARY KEY,
    order_id INT,
    method VARCHAR(50),
    FOREIGN KEY (order_id) REFERENCES `ORDER`(order_id)
);

-- 9. 物流信息表
CREATE TABLE LOGISTICS (
    log_id INT PRIMARY KEY,
    order_id INT,
    company VARCHAR(100),
    FOREIGN KEY (order_id) REFERENCES `ORDER`(order_id)
);

-- 10. 评论表
CREATE TABLE COMMENT (
    comment_id INT PRIMARY KEY,
    cust_id INT,
    content TEXT,
    FOREIGN KEY (cust_id) REFERENCES CUSTOMER(cust_id)
);

-- ========== 插入测试数据（3条） ==========
INSERT INTO CUSTOMER VALUES (1, '张三', '13800001111');
INSERT INTO CUSTOMER VALUES (2, '李四', '13800002222');

INSERT INTO MERCH VALUES (101, '华为官方旗舰店');
INSERT INTO MERCH VALUES (102, '小米官方旗舰店');

INSERT INTO CATEGORY VALUES (1, '手机');
INSERT INTO CATEGORY VALUES (2, '电脑');

INSERT INTO ITEM VALUES (1001, 101, '华为Mate60', 5999.99);
INSERT INTO ITEM VALUES (1002, 102, '小米14', 3999.99);

INSERT INTO SHOPPING_CART VALUES (1, 1, 1001);
INSERT INTO SHOPPING_CART VALUES (2, 1, 1002);

INSERT INTO `ORDER` VALUES (5001, 1, 5999.99);
INSERT INTO `ORDER` VALUES (5002, 2, 3999.99);

INSERT INTO ORDER_LINE VALUES (9001, 5001, 1001);
INSERT INTO ORDER_LINE VALUES (9002, 5002, 1002);

INSERT INTO PAYMENT_RECORD VALUES (8001, 5001, '支付宝');
INSERT INTO PAYMENT_RECORD VALUES (8002, 5002, '微信支付');

INSERT INTO LOGISTICS VALUES (7001, 5001, '顺丰');
INSERT INTO LOGISTICS VALUES (7002, 5002, '圆通');

INSERT INTO COMMENT VALUES (6001, 1, '手机很好用');
INSERT INTO COMMENT VALUES (6002, 2, '性价比高');

-- 验证查询
SELECT * FROM CUSTOMER;
SELECT * FROM MERCH;
SELECT * FROM ITEM;
SELECT * FROM `ORDER`;